{
  "view3d": {
    "azimuth_deg": -145.79999999999998,
    "elevation_deg": -5.899999999999981,
    "distance": 57.57545387546622,
    "pan_x": 38.260870715591174,
    "pan_y": 78.61269741802938
  }
}